,Timestamp,Action,Successful Cast,Damage Done,Total Damage Done,Rage,DPS
0,0.0,DeathWish,True,1823.1712607049642,1823.1712607049642,0.11382488920458009,inf
1,0.0,DeathWish,False,0.0,1823.1712607049642,0.11382488920458009,inf
2,0.423923655,DeathWish,False,0.0,1823.1712607049642,0.11382488920458009,4300.706599411076
3,1.5,DeathWish,False,0.0,1823.1712607049642,0.11382488920458009,1215.4475071366428
4,2.39781206,Bloodthirst,True,11686.198469552523,13509.369730257487,0.5456927694234933,5634.040280145011
5,3.0,HeroicStrike,True,1809.2116510269152,15318.581381284403,0.7268628265898497,5106.1937937614675
6,3.40781206,Whirlwind,False,429.81643929921665,15748.39782058362,0.7268628265898497,4621.26359767141
7,3.89781206,Whirlwind,True,19867.865894338713,35616.26371492233,0.47686282658984963,9137.501543602471
8,5.90781206,Whirlwind,False,7014.421428576796,42630.685143499126,0.35686282658984964,7215.9853276543
9,6.234311356,Whirlwind,False,0.0,42630.685143499126,0.35686282658984964,6838.074441449043
10,6.39781206,Bloodthirst,False,7031.63471783117,49662.319861330296,0.15686282658984965,7762.391173042726
11,6.57345028,HeroicStrike,True,0.0,49662.319861330296,0.15686282658984965,7554.985243051126
12,6.57345028,Whirlwind,False,0.0,49662.319861330296,0.15686282658984965,7554.985243051126
13,6.90781206,Whirlwind,False,836.5675517620548,50498.88741309235,0.15686282658984965,7310.402624516734
14,7.89781206,Whirlwind,False,0.0,50498.88741309235,0.15686282658984965,6394.035085850391
15,7.90781206,Whirlwind,False,836.5675517620548,51335.454964854405,0.15686282658984965,6491.739380671928
16,8.547338685,Whirlwind,False,11538.044047448668,62873.49901230307,0.13686282658984963,7355.915253790259
17,8.547338685,Whirlwind,False,0.0,62873.49901230307,0.13686282658984963,7355.915253790259
18,8.557338685,Bloodthirst,False,0.0,62873.49901230307,0.13686282658984963,7347.319222331689
19,8.886477609,HeroicStrike,True,6073.901070018212,68947.40008232128,0.7023364425741488,7758.687200482349
20,8.896477609,Bloodthirst,False,0.0,68947.40008232128,0.7023364425741488,7749.966122836255
21,8.896477609,Whirlwind,False,0.0,68947.40008232128,0.7023364425741488,7749.966122836255
22,8.896477609,Whirlwind,False,0.0,68947.40008232128,0.7023364425741488,7749.966122836255
23,9.896477609,Whirlwind,False,1056.2350273163465,70003.63510963763,0.7023364425741488,7073.591016461788
24,10.39781206,Whirlwind,False,15975.874078912399,85979.50918855003,0.5023364425741488,8269.00012160347
25,10.40781206,Whirlwind,False,0.0,85979.50918855003,0.5023364425741488,8261.055127906493
26,10.465588333,Whirlwind,False,12085.941585738561,98065.45077428859,0.4823364425741488,9370.2759609863
27,10.475588333,HeroicStrike,True,0.0,98065.45077428859,0.4823364425741488,9361.331092532977
28,10.804727257,Whirlwind,False,2929.1665772245324,100994.61735151312,0.7561566425430876,9347.262077909676
29,10.804727257,Whirlwind,False,0.0,100994.61735151312,0.7561566425430876,9347.262077909676
30,10.804727257,Whirlwind,False,0.0,100994.61735151312,0.7561566425430876,9347.262077909676
31,11.475588333,Whirlwind,False,1836.9702274556912,102831.58757896881,0.7561566425430876,8960.898961777773
32,11.89781206,Whirlwind,True,15433.504556495172,118265.09213546399,0.5061566425430876,9940.070622990155
33,12.393837981,Whirlwind,False,11223.708878974081,129488.80101443807,0.48615664254308755,10447.837160123197
34,12.393837981,Whirlwind,False,0.0,129488.80101443807,0.48615664254308755,10447.837160123197
35,12.722976905,Whirlwind,False,0.0,129488.80101443807,0.48615664254308755,10177.555298677804
36,12.722976905,HeroicStrike,True,0.0,129488.80101443807,0.48615664254308755,10177.555298677804
37,13.393837981,Whirlwind,False,2487.582894238498,131976.38390867657,0.48615664254308755,9853.515033994987
38,13.39781206,Whirlwind,False,0.0,131976.38390867657,0.48615664254308755,9850.592269666198
39,14.302087629,Whirlwind,False,0.0,131976.38390867657,0.48615664254308755,9227.77061168827
40,14.302087629,Whirlwind,False,9305.514563108445,141281.898471785,0.46615664254308753,9878.41091011854
41,14.312087629,Bloodthirst,False,0.0,141281.898471785,0.46615664254308753,9871.508764766872
42,14.312087629,Bloodthirst,False,0.0,141281.898471785,0.46615664254308753,9871.508764766872
43,14.39781206,HeroicStrike,True,12599.042828345788,153880.9413001308,0.2661566425430875,10687.800386535313
44,14.40781206,Whirlwind,False,0.0,153880.9413001308,0.2661566425430875,10680.382327261617
45,14.68991144,Whirlwind,False,4784.7757995569555,158665.71709968775,0.7249852162986261,10800.998886055078
46,14.69991144,Whirlwind,False,0.0,158665.71709968775,0.7249852162986261,10793.651223499328
47,14.69991144,Whirlwind,False,0.0,158665.71709968775,0.7249852162986261,10793.651223499328
48,14.69991144,Whirlwind,False,0.0,158665.71709968775,0.7249852162986261,10793.651223499328
49,15.69991144,Whirlwind,False,3328.7521076071134,161994.46920729487,0.7249852162986261,10318.177260195735
50,15.89781206,Whirlwind,False,0.0,161994.46920729487,0.7249852162986261,10189.733568110558
51,16.495710468,Whirlwind,False,9328.788179662486,171323.25738695735,0.7049852162986261,10385.927767058416
52,16.505710468,Whirlwind,False,0.0,171323.25738695735,0.7049852162986261,10379.63544308533
53,16.505710468,Bloodthirst,False,0.0,171323.25738695735,0.7049852162986261,10379.63544308533
54,16.883534279,HeroicStrike,True,4801.251593701309,176124.50898065866,1.0,10431.732246945774
55,16.893534279,Whirlwind,False,0.0,176124.50898065866,1.0,10425.557261845164
56,16.893534279,Whirlwind,False,0.0,176124.50898065866,1.0,10425.557261845164
57,17.893534279,Whirlwind,False,3551.339266401599,179675.84824706026,1.0,10041.383968394064
58,18.39781206,Whirlwind,False,4774.637863465992,184450.48611052625,0.8,10025.675091635123
59,18.689333307,Whirlwind,False,8069.02371154938,192519.50982207563,0.78,10301.036781765157
60,18.699333307,Whirlwind,False,0.0,192519.50982207563,0.78,10295.528009547108
61,18.699333307,HeroicStrike,True,0.0,192519.50982207563,0.78,10295.528009547108
62,19.077157118,Whirlwind,False,3953.4631544936856,196472.97297656932,1.0,10298.860137351903
63,19.087157118,Whirlwind,False,0.0,196472.97297656932,1.0,10293.464435900041
64,19.087157118,Whirlwind,False,0.0,196472.97297656932,1.0,10293.464435900041
65,19.89781206,Whirlwind,True,13946.279771217494,210419.2527477868,0.75,10574.994482473105
66,20.892956146,Whirlwind,False,8376.620803999074,218795.8735517859,0.73,10472.231503423454
67,20.892956146,Whirlwind,False,0.0,218795.8735517859,0.73,10472.231503423454
68,21.270779957,Whirlwind,False,3876.513120260788,222672.38667204668,1.0,10468.463644595573
69,21.280779957,HeroicStrike,True,0.0,222672.38667204668,1.0,10463.54443408461
70,21.39781206,Whirlwind,False,0.0,222672.38667204668,1.0,10406.31565730495
71,21.39781206,Whirlwind,False,0.0,222672.38667204668,1.0,10406.31565730495
72,22.280779957,Whirlwind,False,4786.16925568966,227458.55592773634,1.0,10208.73400153459
73,22.39781206,Whirlwind,False,4774.637863465992,232233.19379120233,0.8,10368.566053196999
74,23.076578985,Whirlwind,False,8242.674353695998,240475.86814489833,0.78,10420.77633349423
75,23.086578985,Whirlwind,False,0.0,240475.86814489833,0.78,10416.262552418108
76,23.086578985,HeroicStrike,True,0.0,240475.86814489833,0.78,10416.262552418108
77,23.464402796,Whirlwind,False,1960.0205146734952,242435.88865957182,0.9736459724250096,10332.071553975373
78,23.89781206,Whirlwind,False,0.0,242435.88865957182,0.9736459724250096,10144.689733557634
79,24.086578985,Whirlwind,False,4418.290819040558,246854.17947861238,0.9736459724250096,10248.619350732277
80,25.0,Whirlwind,False,0.0,246854.17947861238,1.0,9874.167179144495
81,25.086578985,Whirlwind,False,4418.290819040616,251272.470297653,1.0,10016.211076364623
82,25.270201824,Whirlwind,False,8350.386676053633,259622.85697370663,0.98,10273.8735045295
83,25.280201824,Whirlwind,False,0.0,259622.85697370663,0.98,10269.809504733907
84,25.658025635,Bloodthirst,False,0.0,259622.85697370663,0.98,10118.582803953404
85,25.658025635,Bloodthirst,False,0.0,259622.85697370663,0.98,10118.582803953404
86,26.280201824,Bloodthirst,False,3375.3436519929674,262998.2006256996,0.98,10007.465025840116
87,26.39781206,Bloodthirst,False,10847.977225794748,273846.17785149434,0.78,10373.821028389211
88,26.40781206,HeroicStrike,True,0.0,273846.17785149434,0.78,10369.89271316006
89,26.40781206,Whirlwind,False,0.0,273846.17785149434,0.78,10369.89271316006
90,27.40781206,Whirlwind,False,3242.60281596001,277088.78066745435,0.78,10109.846786050033
91,27.463824663,Whirlwind,False,3578.428128360072,280667.2087958144,0.66,10219.523764071244
92,27.851648474,Whirlwind,False,1416.745206510357,282083.9540023248,0.808702614701387,10128.08826255491
93,27.89781206,Whirlwind,True,6405.9027475134935,288489.8567498383,0.558702614701387,10340.94918015009
94,29.40781206,HeroicStrike,True,6485.205631920078,294975.06238175835,0.558702614701387,10030.500119489621
95,29.657447502,Whirlwind,False,8617.679898541362,303592.7422802997,0.538702614701387,10236.644345735634
96,29.667447502,HeroicStrike,True,0.0,303592.7422802997,0.538702614701387,10233.193882278996
97,30.0,Whirlwind,False,0.0,303592.7422802997,1.0,10119.75807600999
98,30.045271313,Whirlwind,False,3495.3099625345203,307088.05224283424,1.0,10220.844706100665
99,30.055271313,Whirlwind,False,0.0,307088.05224283424,1.0,10217.44402320559
100,30.39781206,Whirlwind,False,3979.9347697553458,311067.9870125896,0.8,10233.236076287181
101,30.39781206,Whirlwind,False,0.0,311067.9870125896,0.8,10233.236076287181
102,30.39781206,Whirlwind,False,0.0,311067.9870125896,0.8,10233.236076287181
103,31.055271313,Whirlwind,False,2274.980576080852,313342.96758867044,0.8,10089.848014224317
104,31.851070341,Whirlwind,False,6605.441108418279,319948.4086970887,0.78,10045.138366519446
105,31.861070341,Whirlwind,False,0.0,319948.4086970887,0.78,10041.98557276236
106,31.89781206,Whirlwind,False,0.0,319948.4086970887,0.78,10030.418641105027
107,31.89781206,HeroicStrike,True,0.0,319948.4086970887,0.78,10030.418641105027
108,32.238894152,Whirlwind,False,3599.4126798564103,323547.8213769451,1.0,10035.946637979616
109,32.248894152,Whirlwind,False,0.0,323547.8213769451,1.0,10032.834609830474
110,32.248894152,Whirlwind,False,0.0,323547.8213769451,1.0,10032.834609830474
111,33.248894152,Whirlwind,False,2477.860241618473,326025.6816185636,1.0,9805.609778421831
112,34.04469318,Whirlwind,False,6636.876771355106,332662.5583899187,0.98,9771.348404612607
113,34.05469318,Bloodthirst,False,0.0,332662.5583899187,0.98,9768.479094249726
114,34.05469318,Bloodthirst,False,0.0,332662.5583899187,0.98,9768.479094249726
115,34.39781206,Bloodthirst,False,9042.411796884146,341704.97018680285,0.78,9933.915842983499
116,34.40781206,HeroicStrike,True,0.0,341704.97018680285,0.78,9931.028732397781
117,34.432516991,Whirlwind,False,1611.5300118295127,343316.50019863236,0.9448165132221631,9970.705896649051
118,34.432516991,Whirlwind,False,0.0,343316.50019863236,0.9448165132221631,9970.705896649051
119,35.40781206,Whirlwind,False,2781.2442668473814,346097.74446547974,0.9448165132221631,9774.615383718226
120,35.89781206,Whirlwind,True,11863.526639308373,357961.2711047881,0.6948165132221631,9971.673775172918
121,36.248316019,Whirlwind,False,7178.977609382011,365140.2487141701,0.6748165132221631,10073.302399007374
122,36.248316019,Whirlwind,False,0.0,365140.2487141701,0.6748165132221631,10073.302399007374
123,36.62613983,Whirlwind,False,3610.041814427008,368750.29052859714,1.0,10067.953986965302
124,36.63613983,HeroicStrike,True,0.0,368750.29052859714,1.0,10065.205893406952
125,36.63613983,Whirlwind,False,0.0,368750.29052859714,1.0,10065.205893406952
126,36.63613983,Whirlwind,False,0.0,368750.29052859714,1.0,10065.205893406952
127,37.39781206,Whirlwind,False,0.0,368750.29052859714,1.0,9860.210269439947
128,37.63613983,Whirlwind,False,3257.927016673202,372008.21754527034,1.0,9884.335089241546
129,38.39781206,Whirlwind,False,3979.9347697553458,375988.1523150257,0.8,9791.916053120702
130,38.431938858,Whirlwind,False,6665.011226698116,382653.1635417238,0.78,9956.644783276934
131,38.441938858,Whirlwind,False,0.0,382653.1635417238,0.78,9954.054735771771
132,38.441938858,Whirlwind,False,0.0,382653.1635417238,0.78,9954.054735771771
133,38.819762669,HeroicStrike,True,3382.1334578578826,386035.2969995817,1.0,9944.29822487954
134,38.829762669,Whirlwind,False,0.0,386035.2969995817,1.0,9941.7372259083
135,38.829762669,Whirlwind,False,0.0,386035.2969995817,1.0,9941.7372259083
136,39.829762669,Whirlwind,False,3296.9822754453053,389332.279275027,1.0,9774.90833953799
137,39.89781206,Whirlwind,False,0.0,389332.279275027,1.0,9758.236333599767
138,40.625561697,Whirlwind,False,6858.188222252589,396190.4674972796,0.98,9752.24590006189
139,40.635561697,Whirlwind,False,0.0,396190.4674972796,0.98,9749.845971159028
140,40.635561697,Whirlwind,False,0.0,396190.4674972796,0.98,9749.845971159028
141,41.013385508,HeroicStrike,True,1323.4563068230054,397513.9238041026,1.0,9692.297255649968
142,41.635561697,Whirlwind,False,3105.665595620405,400619.589399723,1.0,9622.053193738686
143,42.39781206,Whirlwind,False,9042.411796884146,409662.00119660713,0.8,9662.338250305625
144,42.40781206,Whirlwind,False,0.0,409662.00119660713,0.8,9660.059816738567
145,42.40781206,Whirlwind,False,0.0,409662.00119660713,0.8,9660.059816738567
146,42.819184536,Whirlwind,False,6866.770125666517,416528.77132227365,0.78,9727.620360730582
147,42.829184536,Whirlwind,False,0.0,416528.77132227365,0.78,9725.349100965514
148,43.207008347,Whirlwind,False,3702.390429519466,420231.1617517931,1.0,9725.995337998706
149,43.217008347,Whirlwind,False,0.0,420231.1617517931,1.0,9723.744836237938
150,43.217008347,Whirlwind,False,0.0,420231.1617517931,1.0,9723.744836237938
151,43.217008347,Whirlwind,False,0.0,420231.1617517931,1.0,9723.744836237938
152,43.89781206,Whirlwind,True,5334.42143957346,425565.5831913666,0.75,9694.460002008733
153,45.022807375,HeroicStrike,True,9357.162680372188,434922.74587173876,1.0,9660.053897777154
154,45.022807375,Whirlwind,False,0.0,434922.74587173876,1.0,9660.053897777154
155,45.39781206,Whirlwind,False,0.0,434922.74587173876,1.0,9580.257861258231
156,45.400631186,Whirlwind,False,1642.7159419098753,436565.46181364864,1.0,9615.845648160735
157,46.022807375,Whirlwind,False,3334.686453224742,439900.1482668734,1.0,9558.307573080192
158,46.39781206,Whirlwind,False,9452.688344212715,449352.8366110861,0.8,9684.78505042434
159,46.40781206,Whirlwind,False,0.0,449352.8366110861,0.8,9682.698163622199
160,46.40781206,Whirlwind,False,0.0,449352.8366110861,0.8,9682.698163622199
161,47.206430214,Whirlwind,False,3234.647049688967,452587.48366077506,0.68,9587.411748972945
162,47.40781206,Whirlwind,False,3148.4659217010485,455735.9495824761,0.68,9613.098132554403
163,47.594254025,Whirlwind,False,0.0,455735.9495824761,0.68,9575.44054253041
164,47.89781206,HeroicStrike,True,0.0,455735.9495824761,0.68,9514.755058364479
165,48.40781206,Whirlwind,False,3148.4659217010485,458884.41550417716,0.68,9479.552906365692
166,49.400053053,Whirlwind,False,3225.448989694938,462109.8644938721,0.56,9354.440652079598
167,49.40781206,Whirlwind,False,3148.4659217010485,465258.33041557315,0.56,9416.695680646037
168,49.787876864,Bloodthirst,False,3400.3146873494843,468658.64510292263,0.9042967147046211,9413.107660386991
169,49.797876864,Bloodthirst,False,0.0,468658.64510292263,0.9042967147046211,9411.217397537814
170,50.0,Bloodthirst,False,0.0,468658.64510292263,1.0,9373.172902058453
171,50.39781206,Bloodthirst,False,9452.688344212715,478111.33344713534,0.8,9486.747815122024
172,50.40781206,HeroicStrike,True,0.0,478111.33344713534,0.8,9484.865815601031
173,50.40781206,Whirlwind,False,0.0,478111.33344713534,0.8,9484.865815601031
174,50.40781206,Whirlwind,False,0.0,478111.33344713534,0.8,9484.865815601031
175,51.40781206,Whirlwind,False,2174.768844872946,480286.1022920083,0.8,9342.667642253444
176,51.593675892,Whirlwind,False,8003.072637027246,488289.17492903554,0.78,9464.128432158263
177,51.603675892,Whirlwind,False,0.0,488289.17492903554,0.78,9462.294429392266
178,51.89781206,Whirlwind,True,15003.21949594398,503292.3944249795,0.53,9697.757466983658
179,51.991499703,HeroicStrike,True,4925.21705123171,508217.6114762112,1.0,9775.013499887293
180,51.991499703,Whirlwind,False,0.0,508217.6114762112,1.0,9775.013499887293
181,51.991499703,Whirlwind,False,0.0,508217.6114762112,1.0,9775.013499887293
182,51.991499703,Whirlwind,False,0.0,508217.6114762112,1.0,9775.013499887293
183,52.991499703,Whirlwind,False,2888.652306470205,511106.26378268143,1.0,9645.061314498827
184,53.39781206,Whirlwind,False,0.0,511106.26378268143,1.0,9571.670524784446
185,53.787298731,Whirlwind,False,9906.201449680375,521012.4652323618,0.98,9686.533392168276
186,53.797298731,Whirlwind,False,0.0,521012.4652323618,0.98,9684.732830872326
187,53.797298731,Whirlwind,False,0.0,521012.4652323618,0.98,9684.732830872326
188,54.175122542,HeroicStrike,True,1866.2932863765745,522878.7585187384,1.0,9651.639608445177
189,54.39781206,Whirlwind,False,6319.01001053903,529197.7685292774,0.8,9728.291423662038
190,54.797298731,Whirlwind,False,2817.246421389049,532015.0149506665,0.8,9708.781769742498
191,55.797298731,Whirlwind,False,2817.246421389049,534832.2613720555,0.8,9585.271572921363
192,55.89781206,Whirlwind,False,0.0,534832.2613720555,0.8,9568.035700538214
193,55.98092157,Whirlwind,False,4527.322182557196,539359.5835546127,0.68,9634.703545924722
194,56.368745381,Whirlwind,False,1833.4582221072633,541193.04177672,0.863175895276911,9600.941765135292
195,56.797298731,Whirlwind,False,2817.2464213889325,544010.2881981089,0.863175895276911,9578.101430045435
196,57.797298731,HeroicStrike,True,2817.246421389049,546827.534619498,0.863175895276911,9461.12615339587
197,58.174544409,Whirlwind,False,4516.281644367264,551343.8162638652,0.743175895276911,9477.406688183166
198,58.39781206,Whirlwind,False,13836.550710876007,565180.3669747412,0.543175895276911,9678.10859752853
199,58.40781206,Whirlwind,False,0.0,565180.3669747412,0.543175895276911,9676.451608804558
200,58.56236822,HeroicStrike,True,5102.227651393856,570282.5946261351,1.0,9738.038470093397
201,58.57236822,Slam,False,0.0,570282.5946261351,1.0,9736.37590483165
202,58.57236822,Execute,False,0.0,570282.5946261351,1.0,9736.37590483165
203,58.57236822,HeroicStrike,False,0.0,570282.5946261351,1.0,9736.37590483165
204,59.57236822,Slam,False,1605.390910208458,571887.9855363435,1.0,9599.886702915157
205,59.89781206,Recklessness,True,0.0,571887.9855363435,1.0,9547.72746896798
206,60.0,DeathWish,False,0.0,571887.9855363435,1.0,9531.466425605726
207,60.368167248,Bloodthirst,False,9754.29492511705,581642.2804614606,0.98,9634.916993123234
208,60.378167248,DeathWish,False,0.0,581642.2804614606,0.98,9633.321231371548
209,60.378167248,HeroicStrike,True,0.0,581642.2804614606,0.98,9633.321231371548
210,60.755991059,DeathWish,False,5128.027379176114,586770.3078406367,1.0,9657.818062268549
211,60.765991059,HeroicStrike,False,0.0,586770.3078406367,1.0,9656.228716337715
212,60.765991059,HeroicStrike,False,0.0,586770.3078406367,1.0,9656.228716337715
213,61.39781206,HeroicStrike,False,0.0,586770.3078406367,1.0,9556.860222758834
214,61.765991059,Bloodthirst,False,2004.1345282526454,588774.4423688893,1.0,9532.340245402705
215,62.39781206,Whirlwind,False,10911.909679671866,599686.3520485612,0.8,9610.69518706713
216,62.40781206,HeroicStrike,False,0.0,599686.3520485612,0.8,9609.155204351851
217,62.561790087,HeroicStrike,True,8136.337348010275,607822.6893965715,0.78,9715.55782773028
218,62.571790087,Recklessness,False,0.0,607822.6893965715,0.78,9714.005121979939
219,62.571790087,Whirlwind,False,0.0,607822.6893965715,0.78,9714.005121979939
220,62.949613898,Whirlwind,False,3746.7627169743646,611569.4521135458,1.0,9715.221654965168
221,62.959613898,Whirlwind,False,0.0,611569.4521135458,1.0,9713.678567094472
222,62.959613898,HeroicStrike,False,0.0,611569.4521135458,1.0,9713.678567094472
223,62.959613898,Whirlwind,False,0.0,611569.4521135458,1.0,9713.678567094472
224,63.89781206,HeroicStrike,False,0.0,611569.4521135458,1.0,9571.054663644549
225,63.959613898,Whirlwind,True,13408.417460673838,624977.8695742197,0.75,9771.445315021869
226,64.765412926,Bloodthirst,False,7755.368651701836,632733.2382259215,0.73,9769.616368367375
227,64.765412926,Whirlwind,False,0.0,632733.2382259215,0.73,9769.616368367375
228,64.765412926,Bloodthirst,False,0.0,632733.2382259215,0.73,9769.616368367375
229,65.143236737,DeathWish,False,3905.8512436880264,636639.0894696095,1.0,9772.911530937361
230,65.153236737,DeathWish,False,0.0,636639.0894696095,1.0,9771.41154229207
231,65.459613898,Bloodthirst,False,0.0,636639.0894696095,1.0,9725.67743008122
232,65.459613898,Bloodthirst,False,0.0,636639.0894696095,1.0,9725.67743008122
233,66.153236737,Bloodthirst,False,3365.0591379259713,640004.1486075355,1.0,9674.57043941701
234,66.39781206,Whirlwind,False,10911.909679671982,650916.0582872075,0.8,9803.275711841392
235,66.40781206,Whirlwind,False,0.0,650916.0582872075,0.8,9801.79948857673
236,66.949035765,Whirlwind,False,5750.3727083469275,656666.4309955544,1.0,9808.452407000164
237,66.959035765,Whirlwind,False,0.0,656666.4309955544,1.0,9806.987563264749
238,66.959035765,HeroicStrike,True,0.0,656666.4309955544,1.0,9806.987563264749
239,67.336859576,DeathWish,False,1246.4664603216806,657912.8974558761,1.0,9770.471946546902
240,67.336859576,EngiGlove,True,0.0,657912.8974558761,1.0,9770.471946546902
241,67.89781206,Whirlwind,False,0.0,657912.8974558761,1.0,9689.75107584455
242,67.959035765,HeroicStrike,False,3543.3370362990536,661456.2344921752,1.0,9733.160970374389
243,68.959035765,Whirlwind,False,3543.33703629917,664999.5715284743,1.0,9643.400087476186
244,69.142658604,Bloodthirst,False,3148.241952778655,668147.813481253,0.88,9663.322570627906
245,69.530482415,Bloodthirst,False,3537.799048049492,671685.6125293025,1.0,9660.304217656312
246,69.540482415,Whirlwind,False,0.0,671685.6125293025,1.0,9658.915054987003
247,69.540482415,ShatteringThrow,True,0.0,671685.6125293025,1.0,9658.915054987003
248,70.39781206,Whirlwind,False,3979.9347697553458,675665.5472990578,0.8,9597.82026639107
249,70.540482415,Whirlwind,False,2586.087419667747,678251.6347187256,0.8,9615.069411185365
250,70.540482415,Whirlwind,False,0.0,678251.6347187256,0.81,9615.069411185365
251,71.336281443,DeathWish,False,1925.6976479063742,680177.332366632,1.0,9534.802187721483
252,71.540482415,Bloodthirst,False,2586.087419667747,682763.4197862997,1.0,9543.735193532098
253,71.540482415,ShatteringThrow,False,0.0,682763.4197862997,1.0,9543.735193532098
254,71.724105254,Bloodrage,True,3504.481970683555,686267.9017569833,1.0,9568.162604840729
255,71.734105254,HeroicStrike,True,0.0,686267.9017569833,1.0,9566.828767529876
256,71.89781206,HeroicStrike,False,0.0,686267.9017569833,1.0,9545.045698807642
257,71.89781206,Whirlwind,False,0.0,686267.9017569833,1.0,9545.045698807642
258,72.540482415,Whirlwind,True,12272.084733969998,698539.9864909532,0.75,9629.65730631133
259,73.379304839,Whirlwind,False,6769.9309872684535,705309.9174782217,0.73,9611.837002622571
260,73.379304839,HeroicStrike,True,0.0,705309.9174782217,0.73,9611.837002622571
261,73.540482415,Whirlwind,False,0.0,705309.9174782217,0.74,9590.770883145038
262,73.540482415,DeathWish,False,0.0,705309.9174782217,0.74,9590.770883145038
263,73.722637387,Whirlwind,False,1208.6711797736352,706518.5886579953,0.8714893431315021,9583.4687105562
264,74.040482415,Recklessness,False,0.0,706518.5886579953,0.8714893431315021,9542.328272497323
265,74.379304839,Whirlwind,False,2664.2817407455295,709182.8703987409,0.8714893431315021,9534.680001834171
266,74.39781206,Bloodthirst,False,9042.411796884146,718225.282195625,0.6714893431315021,9653.84951934331
267,74.40781206,Bloodthirst,False,0.0,718225.282195625,0.6714893431315021,9652.552095154631
268,74.540482415,Slam,False,0.0,718225.282195625,0.6814893431315021,9635.372067985094
269,75.0,HeroicStrike,False,0.0,718225.282195625,0.830930077517878,9576.337095941666
270,75.367836973,Recklessness,False,3020.924357997719,721246.2065536227,0.710930077517878,9569.68165096743
271,75.367836973,Recklessness,False,0.0,721246.2065536227,0.710930077517878,9569.68165096743
272,75.40781206,DeathWish,False,2578.4151500373846,723824.6217036601,0.710930077517878,9598.801529047574
273,75.540482415,DeathWish,False,0.0,723824.6217036601,0.720930077517878,9581.943331089065
274,75.721169521,Whirlwind,False,3625.4687523219036,727450.090455982,1.0,9606.95793603975
275,75.731169521,Whirlwind,False,0.0,727450.090455982,1.0,9605.689375419755
276,75.89781206,Bloodthirst,False,0.0,727450.090455982,1.0,9584.598958938448
277,75.89781206,Execute,False,0.0,727450.090455982,1.0,9584.598958938448
278,76.540482415,Bloodthirst,False,0.0,727450.090455982,1.0,9504.122099881359
279,76.731169521,Whirlwind,False,2372.542020499357,729822.6324764814,1.0,9511.423285119374
280,77.366369107,Bloodthirst,False,0.0,729822.6324764814,1.0,9433.33183268708
281,77.540482415,Bloodthirst,False,0.0,729822.6324764814,1.0,9412.1497538594
282,77.719701655,ShatteringThrow,False,3547.26919908775,733369.9016755691,1.0,9436.087453487911
283,77.729701655,Bloodthirst,False,0.0,733369.9016755691,1.0,9434.873491868018
284,77.729701655,Whirlwind,False,0.0,733369.9016755691,1.0,9434.873491868018
285,78.39781206,Whirlwind,False,3979.934769755462,737349.8364453246,0.8,9405.234879272019
286,78.540482415,Whirlwind,False,0.0,737349.8364453246,0.81,9388.150082262575
287,78.729701655,Whirlwind,False,2200.981079217745,739550.8175245423,0.81,9393.542741535013
288,79.364901241,DeathWish,False,5749.07267435384,745299.8901988962,1.0,9390.79969287322
289,79.374901241,Bloodthirst,False,0.0,745299.8901988962,1.0,9389.61659852651
290,79.540482415,Whirlwind,False,0.0,745299.8901988962,1.0,9370.070026861506
291,79.718233789,DeathWish,False,3410.8150770433713,748710.7052759395,1.0,9391.963038940925
292,79.728233789,Whirlwind,False,0.0,748710.7052759395,1.0,9390.785041813358
293,79.728233789,Slam,False,0.0,748710.7052759395,1.0,9390.785041813358
294,79.89781206,HeroicStrike,True,0.0,748710.7052759395,1.0,9370.853668855016
295,79.89781206,Whirlwind,False,0.0,748710.7052759395,1.0,9370.853668855016
296,80.728233789,HeroicStrike,False,2423.306605439633,751134.0118813792,1.0,9304.477214807199
297,81.363433375,HeroicStrike,True,6915.701204300043,758049.7130856792,0.98,9316.835360079582
298,81.373433375,HeroicStrike,False,0.0,758049.7130856792,0.98,9315.690412032822
299,81.716765923,Whirlwind,True,12068.13991048967,770117.8529961689,0.75,9424.233133771286
300,83.361965509,Whirlwind,False,5835.33463731932,775953.1876334882,0.63,9308.240069624007
301,83.715298057,Whirlwind,False,3520.0970998387784,779473.284733327,0.9842059149436508,9311.001726382196
302,83.725298057,Whirlwind,False,0.0,779473.284733327,0.9842059149436508,9309.889636972845
303,83.725298057,Bloodthirst,True,9452.688344212831,788925.9730775398,0.7842059149436509,9422.790857554675
304,85.225298057,DeathWish,False,2783.8342633739812,791709.8073409138,0.7842059149436509,9289.610308096617
305,85.520120915,Whirlwind,False,1943.602989488747,793653.4103304025,1.0,9280.312069708472
306,85.735298057,Bloodthirst,False,2783.8342633739812,796437.2445937765,1.0,9289.49059072817
307,85.907944726,EngiGlove,True,3603.6648208198603,800040.9094145964,1.0,9312.76975565293
308,85.917944726,Bloodthirst,False,0.0,800040.9094145964,1.0,9311.685841252352
309,85.917944726,Whirlwind,False,0.0,800040.9094145964,1.0,9311.685841252352
310,86.917944726,HeroicStrike,True,2086.864848924568,802127.774263521,1.0,9228.563523817174
311,87.713743754,Bloodthirst,False,3153.787653002306,805281.5619165233,0.88,9180.791144600986
312,87.725298057,HeroicStrike,True,9452.688344212715,814734.250260736,0.68,9287.335219213024
313,87.735298057,DeathWish,False,0.0,814734.250260736,0.68,9286.276656077674
314,87.735298057,Whirlwind,False,0.0,814734.250260736,0.68,9286.276656077674
315,88.101567565,Whirlwind,False,3419.567614456755,818153.8178751927,1.0,9286.48423050556
316,88.111567565,DeathWish,False,0.0,818153.8178751927,1.0,9285.430284413449
317,88.111567565,HeroicStrike,False,0.0,818153.8178751927,1.0,9285.430284413449
318,89.111567565,HeroicStrike,False,2339.589924792992,820493.4077999857,1.0,9207.484844226303
319,89.225298057,HeroicStrike,False,0.0,820493.4077999857,1.0,9195.748578792396
320,89.907366593,Whirlwind,True,17038.755677816458,837532.1634778022,0.73,9315.501000815773
321,90.0,Slam,False,0.0,837532.1634778022,1.0,9305.912927531135
322,90.295190404,Whirlwind,False,3477.4001248062123,841009.5636026084,1.0,9314.00177395664
323,90.305190404,DeathWish,False,0.0,841009.5636026084,1.0,9312.970382324298
324,90.305190404,Bloodthirst,False,0.0,841009.5636026084,1.0,9312.970382324298
325,91.305190404,ShatteringThrow,False,2550.194154683035,843559.7577572914,1.0,9238.902564298643
326,91.407366593,ShatteringThrow,False,0.0,843559.7577572914,1.0,9228.575214438913
327,91.725298057,Bloodthirst,False,9452.688344212947,853012.4461015044,0.8,9299.642128951435
328,91.735298057,DeathWish,False,0.0,853012.4461015044,0.8,9298.628381536217
329,92.100989432,DeathWish,False,6050.092873112066,859062.5389746164,1.0,9327.39750433278
330,92.110989432,Slam,False,0.0,859062.5389746164,1.0,9326.384878416822
331,92.110989432,EngiGlove,True,0.0,859062.5389746164,1.0,9326.384878416822
332,92.488813243,Bloodthirst,False,0.0,859062.5389746164,1.0,9288.285889424951
333,92.488813243,Whirlwind,False,0.0,859062.5389746164,1.0,9288.285889424951
334,93.110989432,Bloodthirst,False,2887.0432394588133,861949.5822140753,1.0,9257.227180939439
335,93.225298057,Bloodthirst,False,0.0,861949.5822140753,1.0,9245.876389551046
336,94.110989432,Whirlwind,False,2887.0432394588133,864836.6254535341,1.0,9189.539188496396
337,94.294612271,ShatteringThrow,False,6084.89582668175,870921.5212802158,1.0,9236.174796256782
338,94.304612271,HeroicStrike,True,0.0,870921.5212802158,1.0,9235.195398264063
339,94.682436082,Bloodthirst,False,3450.7952520434046,874372.3165322592,1.0,9234.788971578706
340,94.692436082,Whirlwind,False,0.0,874372.3165322592,1.0,9233.813731173697
341,94.692436082,ShatteringThrow,False,0.0,874372.3165322592,1.0,9233.813731173697
342,94.692436082,HeroicStrike,False,0.0,874372.3165322592,1.0,9233.813731173697
343,95.692436082,Whirlwind,False,2543.7241661329754,876916.0406983922,1.0,9163.901313442917
344,95.725298057,Whirlwind,False,4341.093702262966,881257.1344006552,0.8,9206.104888552107
345,96.48823511,Bloodthirst,False,3372.4521130467765,884629.586513702,0.68,9168.263731896359
346,96.692436082,HeroicStrike,True,2543.7241661329754,887173.3106798349,0.68,9175.209009394155
347,96.876058921,Whirlwind,False,1286.0624461898115,888459.3731260247,0.8178916649726777,9171.09328168006
348,97.225298057,Whirlwind,False,0.0,888459.3731260247,0.8178916649726777,9138.15016134124
349,97.692436082,Whirlwind,False,2543.7241661329754,891003.0972921577,0.8178916649726777,9120.492159129673
350,98.681857949,HeroicStrike,True,7815.106420233147,898818.2037123909,0.7978916649726777,9108.24159975698
351,98.691857949,Whirlwind,True,6165.061136267148,904983.264848658,0.5478916649726777,9169.786481437173
352,99.691857949,Whirlwind,False,3133.4859243503306,908116.7507730083,0.6985352368915667,9109.236897135366
353,99.725298057,Whirlwind,False,0.0,908116.7507730083,0.6985352368915667,9106.182367627078
354,100.0,Whirlwind,False,0.0,908116.7507730083,0.9473033396548217,9081.167507730082
355,100.191857949,Whirlwind,False,0.0,908116.7507730083,0.9473033396548217,9063.777929293028
356,100.691857949,EngiGlove,True,1693.2784269948024,909810.0292000031,0.9473033396548217,9035.586866028612
357,100.875480788,HeroicStrike,True,4299.301945120213,914109.3311451233,0.8273033396548217,9061.759349293376
358,101.263304599,EngiGlove,True,2371.930017041508,916481.2611621649,1.0,9050.477512968853
359,101.691857949,HeroicStrike,False,1693.2784269948024,918174.5395891597,1.0,9028.987748946804
360,102.691857949,Bloodthirst,True,7783.309549739468,925957.8491388991,0.8,9016.857496129429
361,103.456927438,Whirlwind,False,6165.512029742706,932123.3611686418,0.8675106653190227,9009.77232024649
362,103.691857949,Whirlwind,False,1693.2784269948024,933816.6395956366,0.8675106653190227,9005.68914538041
363,104.191857949,Whirlwind,False,0.0,933816.6395956366,0.8675106653190227,8962.472288887706
364,104.691857949,Whirlwind,False,1693.2784269948024,935509.9180226314,0.8675106653190227,8935.842159553224
365,105.714176223,Bloodthirst,False,2857.1274232035503,938367.045445835,1.0,8876.454218083161
366,106.198955987,Bloodthirst,False,5109.66909698036,943476.7145428153,1.0,8884.048866340154
367,106.198955987,Bloodthirst,False,0.0,943476.7145428153,1.0,8884.048866340154
368,106.208955987,Bloodthirst,False,0.0,943476.7145428153,1.0,8883.212397439413
369,106.691857949,ShatteringThrow,False,13836.550710876007,957313.2652536914,0.8,8972.692796401565
370,106.701857949,Bloodthirst,False,0.0,957313.2652536914,0.8,8971.851883884307
371,106.701857949,Slam,False,0.0,957313.2652536914,0.8,8971.851883884307
372,107.701857949,Whirlwind,False,666.3087697452866,957979.5740234366,0.8,8894.73582226472
373,108.004755014,Slam,False,2794.281803479418,960773.855826916,1.0,8895.662563211932
374,108.191857949,Whirlwind,True,17661.444549017586,978435.3003759336,0.75,9043.52063939186
375,108.402578826,HeroicStrike,True,4837.04955830879,983272.3499342424,1.0,9070.562348083253
376,108.402578826,Slam,False,0.0,983272.3499342424,1.0,9070.562348083253
377,108.402578826,Slam,False,0.0,983272.3499342424,1.0,9070.562348083253
378,109.402578826,Whirlwind,False,1203.0732887287159,984475.4232229711,1.0,8998.64915240011
379,109.691857949,Whirlwind,False,0.0,984475.4232229711,1.0,8974.917934936357
380,110.198377853,HeroicStrike,True,7572.746632050024,992048.1698550212,0.98,9002.384510399706
381,110.208377853,Whirlwind,False,0.0,992048.1698550212,0.98,9001.567659205108
382,110.208377853,HeroicStrike,False,0.0,992048.1698550212,0.98,9001.567659205108
383,110.586201665,Bloodthirst,False,1456.4197195635643,993504.5895745847,1.0,8983.983305478012
384,110.691857949,DeathWish,False,10501.63313234318,1004006.2227069279,0.8,9070.280699141505
385,110.701857949,Bloodthirst,False,0.0,1004006.2227069279,0.8,9069.461356009675
386,110.701857949,Whirlwind,False,0.0,1004006.2227069279,0.8,9069.461356009675
387,111.701857949,Bloodthirst,False,1799.873050072929,1005806.0957570008,0.8,9004.381074988245
388,112.191857949,HeroicStrike,False,0.0,1005806.0957570008,0.8,8965.054275277433
389,112.392000692,HeroicStrike,True,3016.8065040986985,1008822.9022610995,0.68,8975.931525818163
390,112.701857949,HeroicStrike,False,1799.873050072929,1010622.7753111725,0.68,8967.223732624718
391,112.779824504,Whirlwind,False,3628.420501426328,1014251.1958125988,1.0,8993.197145617352
392,112.789824504,HeroicStrike,False,0.0,1014251.1958125988,1.0,8992.399804440065
393,112.789824504,Bloodthirst,False,0.0,1014251.1958125988,1.0,8992.399804440065
394,112.789824504,HeroicStrike,False,0.0,1014251.1958125988,1.0,8992.399804440065
